Laurent;Paul;M;paul.laurent@example.com
Lefebvre;Claire;F;claire.lefebvre@example.com
Michel;David;M;david.michel@example.com
Garcia;Lucie;F;lucie.garcia@example.com
Thomas;Jacques;M;jacques.thomas@example.com
Leroy;Sarah;F;sarah.leroy@example.com
Roux;Patrick;M;patrick.roux@example.com
Morel;Lisa;F;lisa.morel@example.com
Fournier;Marc;M;marc.fournier@example.com
Girard;Elodie;F;elodie.girard@example.com
