Andre;Eric;M;eric.andre@example.com
Mercier;Manon;F;manon.mercier@example.com
Dupuis;Philippe;M;philippe.dupuis@example.com
Lambert;Camille;F;camille.lambert@example.com
Fontaine;Olivier;M;olivier.fontaine@example.com
Rousseau;Anaïs;F;anais.rousseau@example.com
Vincent;Nicolas;M;nicolas.vincent@example.com
Muller;Chloé;F;chloe.muller@example.com
Lefevre;Maxime;M;maxime.lefevre@example.com
Faure;Laura;F;laura.faure@example.com