Dupont;Jean;M;jean.dupont@example.com
Martin;Marie;F;marie.martin@example.com
Bernard;Alain;M;alain.bernard@example.com
Petit;Sophie;F;sophie.petit@example.com
Robert;Michel;M;michel.robert@example.com
Richard;Julie;F;julie.richard@example.com
Durand;Thomas;M;thomas.durand@example.com
Dubois;Laura;F;laura.dubois@example.com
Moreau;Pierre;M;pierre.moreau@example.com
Simon;Emma;F;emma.simon@example.com